{"cameraMode":{"drawMode":0,"name":"Shaded","section":"Shading Mode"},"sceneLighting":false,"audioPlay":false,"sceneViewState":{"showFog":true,"showMaterialUpdate":false,"showSkybox":false,"showFlares":true,"showImageEffects":true,"showParticleSystems":true},"in2DMode":false,"pivot":{"x":0.0,"y":-0.000021976244170218706,"z":-0.0001821308396756649},"rotation":{"x":-0.06754108518362045,"y":-0.8149833083152771,"z":0.09703020751476288,"w":-0.5672966241836548},"size":0.0039697387255728249,"orthographic":false}