{"cameraMode":{"drawMode":0,"name":"Shaded","section":"Shading Mode"},"sceneLighting":false,"audioPlay":false,"sceneViewState":{"showFog":true,"showMaterialUpdate":false,"showSkybox":false,"showFlares":true,"showImageEffects":true,"showParticleSystems":true},"in2DMode":false,"pivot":{"x":0.0,"y":0.6752095222473145,"z":-0.48894405364990237},"rotation":{"x":-0.07257214188575745,"y":0.9238941669464111,"z":-0.22022472321987153,"w":-0.3044309914112091},"size":4.041156768798828,"orthographic":false}