{"cameraMode":{"drawMode":0,"name":"Shaded","section":"Shading Mode"},"sceneLighting":true,"audioPlay":false,"sceneViewState":{"showFog":true,"showMaterialUpdate":false,"showSkybox":true,"showFlares":true,"showImageEffects":true,"showParticleSystems":true},"in2DMode":false,"pivot":{"x":-0.9741077423095703,"y":2.2007827758789064,"z":-1.6980762481689454},"rotation":{"x":0.06483283638954163,"y":-0.5059836506843567,"z":0.03817746415734291,"w":0.8592565059661865},"size":5.424745559692383,"orthographic":false}